Year,Month,Total Selling Value,Profit
2022,3,107016.11,32104.833000000006
2022,4,30715529.63,9214658.889000002
2022,5,27885469.69,8365640.9070000015
2022,6,24942151.94,7482645.582000001
